EmployeeID,First_Name,Last_Name,DateOfBirth,Gender,Address,Contact,MariageStatus,PositionID,DepartmentID,EmploymentType
1,Karil,Crookshanks,8/23/2005,Female,349 Buell Park,767-990-1322,married,POS123,606,Part-time
2,Irwin,Rudgard,6/14/1998,Male,68904 Towne Point,474-989-7588,separated,POS579,404,Part-time
3,Karil,Joselevitz,10/16/1992,Female,14 Twin Pines Park,523-938-7931,divorced,POS987,505,Part-time
4,Loralyn,Greeno,8/3/1994,Female,71 Merry Pass,911-991-7540,widowed,POS246,909,Full-time
5,Pearce,Grimmolby,8/8/1993,Male,320 Goodland Crossing,467-236-8796,widowed,POS123,404,Full-time
6,Cosetta,Pardie,1/15/1995,Female,3 Pine View Circle,163-912-9136,separated,POS804,707,Part-time
7,Chickie,Bacup,11/22/1993,Male,32 Ronald Regan Terrace,807-983-9238,widowed,POS135,303,Full-time
8,Yvor,Cadwallader,5/8/1993,Male,1450 Prairie Rose Lane,869-351-3889,in a relationship,POS321,606,Part-time
9,Michaeline,Jeffray,7/4/1992,Female,52938 Nancy Drive,113-399-5578,married,POS246,202,Part-time
10,Lee,Bayliss,5/28/1999,Female,880 Westend Parkway,579-479-0182,in a relationship,POS246,202,Part-time
11,Arnuad,Mariel,4/8/2001,Male,87994 American Drive,144-101-2308,divorced,POS987,707,Full-time
12,Dominick,Justham,12/17/2003,Genderqueer,8231 Jackson Center,303-474-7597,engaged,POS987,909,Part-time
13,Saunders,Chapelle,12/9/1993,Male,65671 International Point,978-878-8001,widowed,POS654,202,Full-time
14,Dean,Jaher,1/19/2002,Male,6818 Novick Parkway,648-780-2718,separated,POS123,606,Full-time
15,Isaak,Whitely,3/27/2002,Male,50 Utah Point,265-830-6475,separated,POS246,808,Full-time
16,Sharai,Panketh,2/3/1993,Female,8 Banding Hill,834-812-2352,in a relationship,POS987,808,Part-time
17,Carroll,Lett,6/28/2007,Male,7082 Meadow Valley Point,311-782-0593,divorced,POS804,909,Contract
18,Sol,Mouatt,1/3/1999,Male,397 Grayhawk Street,329-235-1825,divorced,POS123,707,Contract
19,Georgi,Bruinemann,9/20/2000,Male,24 Sommers Lane,646-143-8295,in a relationship,POS135,303,Contract
20,Rory,Paulino,11/9/1991,Female,0 Fordem Hill,448-627-2686,engaged,POS804,707,Part-time
21,Cassius,Salzberg,6/7/2003,Male,270 Saint Paul Alley,619-243-2899,divorced,POS123,505,Contract
22,Crawford,Stenyng,10/30/2004,Male,59 Beilfuss Lane,378-466-6546,widowed,POS654,808,Part-time
23,Cassius,Vogeler,10/23/1999,Male,30 Carpenter Alley,698-800-3529,divorced,POS987,303,Part-time
24,Lisha,Ashfold,12/2/2005,Female,190 Mesta Lane,674-854-8316,separated,POS804,404,Full-time
25,Margareta,Rohlfs,10/23/1994,Female,13522 Drewry Circle,610-697-7844,widowed,POS789,707,Contract
26,Gianna,Lovie,2/23/1997,Female,531 Maywood Crossing,234-660-0834,in a relationship,POS789,808,Part-time
27,Gerta,de Aguirre,11/15/1992,Female,1 Londonderry Terrace,281-153-7626,widowed,POS579,808,Full-time
28,Ric,Sewley,11/17/2006,Male,075 Ridgeview Pass,812-876-7003,engaged,POS321,707,Full-time
29,Fraze,Buesnel,5/26/1996,Male,0840 Lillian Point,529-516-1724,in a relationship,POS456,1010,Full-time
30,Ines,Wadham,6/28/2002,Female,7358 Gerald Point,511-966-5384,widowed,POS804,101,Full-time
31,Bordy,Hymas,9/30/1999,Male,951 Mccormick Street,333-567-0478,divorced,POS135,404,Contract
32,Constantine,Wilsee,7/7/1993,Male,29 Thompson Center,963-258-5286,widowed,POS654,707,Part-time
33,Hercules,Delea,7/9/1991,Male,488 Butterfield Plaza,618-813-0028,divorced,POS804,909,Part-time
34,Enos,Ibert,12/7/1999,Male,9 Hallows Place,480-224-0389,single,POS987,808,Full-time
35,Marla,Blethyn,5/13/2004,Female,81 Annamark Pass,223-168-6927,engaged,POS456,909,Contract
36,Terrye,Balas,6/21/1991,Female,92401 Fisk Terrace,260-532-1705,separated,POS654,505,Contract
37,Julissa,Lathe,4/30/1995,Non-binary,3 Lake View Center,466-333-9850,single,POS246,202,Part-time
38,Harold,Minthorpe,3/14/1995,Male,266 Calypso Court,688-859-1408,single,POS456,202,Contract
39,Rosalinda,Doust,3/16/2006,Female,11 Towne Point,402-271-0295,single,POS804,404,Full-time
40,Juliane,Isacke,3/5/1990,Polygender,58 Shelley Drive,189-435-3635,divorced,POS579,1010,Contract
41,Cash,Buttel,9/8/1993,Male,7459 Declaration Plaza,619-473-1678,married,POS987,909,Contract
42,Ximenes,Beechcraft,10/4/2007,Male,438 Westridge Plaza,150-370-8545,engaged,POS246,707,Contract
43,Lauryn,Swynfen,2/15/1997,Female,4 Di Loreto Circle,763-168-1327,single,POS456,1010,Full-time
44,Leonelle,Kynge,4/7/2005,Bigender,563 Steensland Court,892-369-0332,in a relationship,POS135,303,Part-time
45,Marshal,Parsonage,11/5/1993,Male,22 Hanover Trail,466-597-5673,engaged,POS135,303,Part-time
46,Aliza,Jayme,8/3/1991,Female,57 Harper Alley,542-810-8107,single,POS123,606,Full-time
47,Colin,Swetman,8/13/1993,Male,8649 Park Meadow Place,325-995-0332,married,POS789,1010,Full-time
48,Mellie,Le Provest,2/15/2007,Bigender,5565 Pennsylvania Terrace,844-584-2577,engaged,POS804,202,Contract
49,Lorilyn,Meletti,10/20/1990,Female,24923 Almo Plaza,679-199-3489,divorced,POS987,404,Full-time
50,Roosevelt,Ritch,10/1/2004,Male,76240 Mayfield Trail,781-170-8255,in a relationship,POS654,404,Full-time
51,Caleb,Reay,12/30/2004,Male,254 John Wall Center,604-721-5842,engaged,POS246,505,Contract
52,Bruno,Storrar,2/26/1998,Male,6423 Annamark Road,901-443-3847,widowed,POS987,303,Full-time
53,Thayne,Earles,11/30/1998,Male,340 Pine View Way,276-705-8269,separated,POS123,505,Full-time
54,Cece,Pickersail,2/11/1993,Male,78 Moose Way,866-798-3693,single,POS321,404,Full-time
55,Coretta,Wixey,4/17/1993,Female,89 Hansons Alley,813-987-6024,divorced,POS246,808,Contract
56,Tania,Linklet,9/20/1995,Female,25 Delladonna Street,763-100-1282,single,POS456,404,Contract
57,Bruno,Lyte,5/4/1991,Genderfluid,328 Forest Center,759-529-1457,in a relationship,POS579,606,Contract
58,Celka,Couroy,8/5/2006,Female,8 Meadow Valley Lane,865-984-1838,divorced,POS456,202,Full-time
59,Say,Heatlie,11/19/2000,Male,7182 Pankratz Parkway,663-729-4141,divorced,POS456,303,Part-time
60,Geraldine,Patriskson,6/23/2002,Female,97549 Randy Trail,999-382-5650,widowed,POS654,404,Part-time
61,Allyn,Willets,2/5/1992,Male,46 Hintze Alley,793-859-8163,separated,POS321,202,Contract
62,Fairlie,Maeer,6/11/1992,Male,4 Hayes Plaza,204-477-2118,in a relationship,POS123,707,Part-time
63,Elana,Nibley,10/25/2004,Female,3 Prentice Center,214-708-3412,single,POS123,404,Full-time
64,Caresa,Holbie,4/14/1992,Female,224 Hallows Parkway,838-624-5626,engaged,POS654,707,Full-time
65,Esma,Hazle,5/18/1997,Female,0070 Arapahoe Parkway,444-952-3613,divorced,POS579,505,Full-time
66,Nicky,Klee,12/31/2004,Male,1 Dakota Circle,697-700-0979,single,POS246,606,Contract
67,Matthieu,Codi,9/7/2005,Male,87 Blackbird Street,107-947-3674,single,POS987,505,Part-time
68,Ingrid,Hoofe,9/3/2004,Female,39 Elmside Way,267-269-2935,in a relationship,POS987,707,Contract
69,Yance,Connett,4/6/1993,Male,904 Troy Way,648-733-4724,married,POS579,808,Full-time
70,Arabel,Ramel,5/24/1991,Non-binary,8 Bellgrove Street,351-333-7513,single,POS804,909,Full-time
71,Jarrett,Staines,5/18/2006,Male,3 Spohn Place,842-370-1012,single,POS789,303,Contract
72,Aubrey,Starte,3/1/1991,Male,56103 Melrose Hill,479-138-0867,separated,POS654,303,Part-time
73,Land,Iacovini,1/29/2000,Male,26264 Paget Park,223-323-2796,divorced,POS789,808,Full-time
74,Ravid,Scaife,10/1/1996,Male,75 6th Way,694-628-2963,separated,POS456,909,Full-time
75,Darcy,Serraillier,8/26/2004,Female,111 Harper Pass,490-387-0559,in a relationship,POS135,101,Full-time
76,Cosette,Ick,9/26/1993,Female,0 Jenna Way,856-759-1799,widowed,POS321,808,Part-time
77,Niki,Djordjevic,8/16/1993,Male,69 Morning Terrace,226-643-3009,engaged,POS456,606,Contract
78,Zia,Haversham,7/17/2006,Female,52 Commercial Center,401-217-5424,separated,POS135,505,Full-time
79,Candida,Alywen,7/10/2002,Female,4941 Jackson Center,392-665-6018,single,POS789,909,Part-time
80,Bobbee,Kopp,12/9/2000,Female,6472 Garrison Point,890-696-1785,divorced,POS135,303,Part-time
81,Jamison,Medforth,9/21/2004,Male,66 Amoth Crossing,233-346-0103,married,POS789,707,Contract
82,Barclay,Godfree,9/23/2007,Male,865 Westerfield Street,382-557-4915,single,POS456,808,Part-time
83,Michal,Samsworth,10/28/2004,Male,6392 Monument Place,530-315-0818,in a relationship,POS789,606,Part-time
84,Dennet,Riden,5/31/1995,Male,51 Superior Parkway,318-470-3331,engaged,POS321,1010,Full-time
85,Audrey,Tucknott,11/19/1994,Female,33 Monica Place,733-152-4839,engaged,POS123,303,Contract
86,Hilda,Gave,4/28/1992,Female,9 Hauk Circle,926-976-7558,separated,POS246,707,Part-time
87,Ingrim,Carles,12/14/1992,Male,4039 Forster Hill,501-945-7349,widowed,POS804,202,Contract
88,Trixy,Willment,2/22/2001,Female,2575 Hollow Ridge Lane,620-548-1800,single,POS804,101,Contract
89,Aubrie,Shortland,2/2/2001,Female,263 Sycamore Center,939-855-5386,in a relationship,POS456,202,Full-time
90,Arny,Pye,8/25/1998,Male,84659 Dwight Pass,667-540-6523,divorced,POS654,303,Full-time
91,Albina,Tattershall,4/18/2000,Agender,40984 Northport Center,458-108-1376,single,POS321,808,Full-time
92,Darb,Mander,12/9/1996,Male,912 School Parkway,768-250-9782,widowed,POS135,202,Part-time
93,Orsola,Luggar,9/1/1999,Female,36682 Everett Terrace,234-749-7258,in a relationship,POS321,909,Full-time
94,Elianore,Bastide,5/17/1995,Female,5152 Rieder Hill,687-351-8437,engaged,POS135,808,Contract
95,Janine,Biasotti,2/9/1994,Female,54221 Waywood Center,315-155-5481,in a relationship,POS321,303,Full-time
96,Sib,Pendrigh,11/26/1999,Female,98732 Mcbride Park,423-673-4623,separated,POS579,606,Contract
97,Eada,Toomer,6/21/1998,Female,4 Charing Cross Place,450-407-3548,in a relationship,POS135,1010,Full-time
98,Lenci,Easman,12/2/1993,Polygender,003 Nevada Plaza,822-530-2394,engaged,POS123,1010,Full-time
99,Alasteir,Dries,8/27/1998,Male,772 Eastwood Junction,714-537-6843,single,POS987,505,Full-time
100,Kala,Dorgon,1/4/1990,Female,9 Hallows Plaza,217-107-8843,divorced,POS804,505,Full-time
101,Roddie,Ennor,7/23/2006,Male,7 Menomonie Alley,435-231-7459,widowed,POS321,202,Contract
102,Forster,Challinor,6/1/1992,Bigender,6892 Longview Street,276-701-9600,married,POS804,909,Contract
103,Eddy,Dumphries,10/5/1997,Bigender,29069 Macpherson Trail,322-286-2663,widowed,POS789,606,Contract
104,Shanan,Burdass,2/26/1998,Non-binary,5740 Hanson Drive,663-930-4924,divorced,POS456,606,Full-time
105,Lazare,Trevaskis,3/27/2000,Male,54 Talmadge Drive,117-962-3723,single,POS135,505,Part-time
106,Claus,Bendare,3/20/1992,Genderqueer,65 Bluejay Road,818-148-0317,in a relationship,POS321,101,Part-time
107,Pail,Reany,11/15/2007,Male,8 Cordelia Court,674-786-0512,married,POS789,505,Full-time
108,Coral,Tawn,10/29/1998,Female,01383 Bultman Park,341-389-1415,divorced,POS654,808,Full-time
109,Darlene,Sissel,8/27/2003,Female,814 Vidon Terrace,855-582-4759,widowed,POS987,808,Full-time
110,Ber,Abells,5/27/1991,Male,10 Ruskin Crossing,655-456-4498,divorced,POS246,202,Full-time
111,Mellisent,Firby,10/17/1998,Female,0 Twin Pines Avenue,591-426-9004,single,POS135,101,Full-time
112,Caldwell,Hamnet,5/29/1996,Polygender,24156 Jay Plaza,563-246-1480,engaged,POS579,202,Part-time
113,Humbert,Whiten,12/8/1991,Non-binary,0 Texas Circle,286-541-0229,single,POS579,606,Part-time
114,Dana,Paulus,1/30/1996,Male,066 Hagan Crossing,311-336-4146,engaged,POS987,808,Full-time
115,Ulysses,Butting,7/4/2001,Male,81596 Jana Avenue,343-376-1199,widowed,POS579,1010,Part-time
116,Pietrek,Jefferson,6/10/1999,Male,27653 Clemons Road,812-243-8848,in a relationship,POS654,101,Contract
117,Abba,Mouncey,12/21/1994,Male,06335 Logan Parkway,699-982-9693,single,POS804,505,Contract
118,Nissa,Bucknell,8/14/1994,Female,18227 Express Hill,298-247-2861,widowed,POS321,1010,Contract
119,Clarinda,Barhem,1/7/2007,Female,3 Forest Circle,864-299-2356,in a relationship,POS123,606,Contract
120,Dixie,De Francisci,5/2/2000,Female,1 Jana Terrace,157-474-7189,married,POS579,909,Full-time
121,Bronny,Ninotti,4/10/2004,Male,941 Kropf Center,877-470-6632,single,POS789,404,Part-time
122,Edgar,Jankovic,3/19/1999,Male,43981 Little Fleur Center,414-923-1296,married,POS987,606,Contract
123,Fransisco,Fearne,12/2/1997,Male,39978 Crescent Oaks Circle,460-952-3512,separated,POS987,707,Contract
124,Carlynne,Hawson,11/10/1991,Female,6793 Northport Alley,898-803-2274,single,POS123,909,Part-time
125,Opaline,Gowan,12/10/1991,Female,52125 Canary Court,711-867-2181,in a relationship,POS321,606,Full-time
126,Merwyn,McCool,7/19/1998,Male,133 Pleasure Alley,472-714-0220,married,POS321,505,Contract
127,Reilly,Ruos,5/16/2007,Male,97801 Nobel Way,549-476-9069,engaged,POS123,202,Full-time
128,Tabor,Marvell,5/6/1997,Male,4 Briar Crest Pass,721-609-3589,married,POS987,202,Contract
129,Starr,McClymont,11/19/2003,Female,30 Pine View Way,917-520-9707,in a relationship,POS804,202,Full-time
130,Filippa,Cowlard,6/23/1994,Female,3664 Drewry Center,477-721-5889,married,POS456,505,Contract
131,Grier,Stephens,12/19/1994,Female,8368 Almo Street,315-916-9210,in a relationship,POS123,1010,Contract
132,Cody,Hanscomb,12/11/1997,Male,251 Grasskamp Terrace,665-470-6455,widowed,POS987,909,Full-time
133,Gaultiero,Steers,12/22/1993,Male,0659 Elgar Park,549-768-2370,widowed,POS135,404,Contract
134,Malvin,Potell,7/8/1997,Male,54327 Loeprich Street,965-337-0681,divorced,POS789,606,Contract
135,Krisha,Nerne,9/21/1991,Male,23550 Shopko Junction,369-399-5757,engaged,POS135,909,Part-time
136,Melantha,Stansbie,6/15/1995,Female,39 International Crossing,448-191-6649,engaged,POS321,505,Contract
137,Kathleen,Castanie,7/30/1990,Genderfluid,2921 Daystar Way,416-535-9999,in a relationship,POS987,303,Part-time
138,Gregor,Tredgold,1/24/2005,Male,446 Eagle Crest Drive,848-845-6569,divorced,POS987,404,Contract
139,Marylinda,Vannuccini,3/27/2002,Female,5 Crowley Pass,275-641-0598,widowed,POS654,505,Contract
140,Cherice,Law,4/9/1995,Agender,2 Hoepker Way,912-652-5987,married,POS654,101,Part-time
141,Nada,Velasquez,12/24/2005,Female,50 Helena Trail,414-691-4449,in a relationship,POS804,303,Part-time
142,Hubey,Adamkiewicz,6/18/1991,Male,8468 Donald Hill,370-100-2504,single,POS456,404,Contract
143,Eduardo,Cossins,10/16/1991,Male,8 Independence Terrace,877-477-9818,separated,POS804,505,Contract
144,Belita,Gumm,1/16/2007,Female,5635 Algoma Terrace,675-342-1833,widowed,POS246,808,Full-time
145,Lemar,Mintoff,1/24/1997,Male,181 Goodland Alley,951-632-0475,single,POS456,202,Contract
146,Jabez,Bestall,5/28/1996,Bigender,73 Butternut Lane,141-953-0657,in a relationship,POS579,909,Contract
147,Hamid,Twopenny,10/9/1996,Male,7519 Elka Court,145-415-7547,separated,POS321,707,Contract
148,Codi,Fitzsimons,8/11/2001,Male,0 Maywood Street,846-754-9827,engaged,POS321,1010,Part-time
149,Ellette,Denyagin,11/27/2004,Female,90356 Texas Center,655-855-9860,married,POS246,808,Contract
150,Marin,Downing,7/18/1995,Female,0 Claremont Way,950-814-0920,divorced,POS987,404,Part-time
151,Florry,Westall,1/15/2007,Female,77097 Arizona Place,762-572-9284,engaged,POS579,606,Part-time
152,Opalina,Drane,8/25/2006,Female,16614 Old Gate Road,391-547-2387,married,POS246,202,Full-time
153,Fonz,Scoggan,2/24/2005,Male,2193 Lien Hill,956-129-1490,married,POS654,909,Part-time
154,Flin,Have,3/9/2000,Male,013 Starling Lane,732-656-5344,in a relationship,POS321,404,Full-time
155,Jorey,Winstanley,4/29/2007,Female,7 Butterfield Drive,401-916-8562,in a relationship,POS123,909,Contract
156,Marve,Dutnall,6/30/2002,Male,4 Anzinger Drive,240-167-8142,separated,POS135,101,Part-time
157,Karlyn,Bettleson,2/18/2003,Female,73 Delladonna Road,623-993-7709,widowed,POS579,404,Contract
158,Marian,Hamblyn,4/3/1993,Genderfluid,05170 Barnett Circle,878-944-3409,engaged,POS654,1010,Full-time
159,Kary,Dilrew,8/22/2007,Female,30953 High Crossing Pass,535-439-0773,single,POS987,808,Part-time
160,Jacinthe,McGavigan,7/1/1993,Female,51 Butterfield Avenue,894-482-2410,divorced,POS123,303,Full-time
161,Ellissa,Heliot,1/3/2004,Female,67 Shopko Court,783-458-5450,married,POS321,909,Part-time
162,Georas,Godlonton,8/19/1995,Male,848 Mifflin Court,722-170-2979,widowed,POS804,1010,Full-time
163,Karoly,Dearsley,2/12/1996,Female,16 Hauk Plaza,673-843-1054,divorced,POS456,101,Full-time
164,Truman,Fidock,3/1/1991,Male,02 Macpherson Court,631-710-4162,separated,POS654,505,Part-time
165,Skipton,McGenis,10/13/2001,Male,938 Sundown Trail,941-278-0539,single,POS123,404,Contract
166,Dannie,Bercevelo,7/21/2002,Female,83415 Summerview Court,245-594-5747,single,POS135,404,Contract
167,Lamont,Spores,11/11/2006,Male,855 Artisan Point,173-223-9440,divorced,POS789,303,Full-time
168,Hanan,Cockram,6/12/2005,Male,819 Buhler Place,695-229-7792,engaged,POS987,808,Contract
169,Kelbee,MacGhee,9/12/2005,Male,97 Arapahoe Lane,355-404-7214,engaged,POS789,303,Full-time
170,Tiffy,Peebles,7/30/2005,Bigender,627 Kenwood Hill,144-455-4457,engaged,POS123,909,Part-time
171,Cyndi,McClancy,12/22/1996,Female,7590 Manitowish Street,418-733-8833,engaged,POS321,606,Contract
172,Collen,Bohler,12/26/1991,Female,04486 Twin Pines Center,704-586-4848,divorced,POS321,101,Contract
173,Robbie,Lillywhite,7/17/2004,Male,5767 Mifflin Terrace,559-922-0170,single,POS135,101,Contract
174,Fifi,Cullinan,10/1/1993,Female,1142 Anzinger Way,964-419-3835,engaged,POS135,303,Part-time
175,Bartolomeo,Shah,5/25/1997,Male,247 Mcbride Point,991-304-6713,single,POS804,909,Part-time
176,Nichols,Norheny,5/29/2006,Male,12 Gina Circle,892-326-3938,separated,POS321,606,Full-time
177,Corri,Giannini,11/28/2002,Female,243 Thackeray Pass,515-134-1554,divorced,POS654,808,Contract
178,Annissa,Keese,3/11/1993,Female,607 Fallview Point,193-642-0449,single,POS123,1010,Full-time
179,Pieter,Vicary,3/17/1997,Male,82367 Delaware Center,911-991-2095,separated,POS135,404,Part-time
180,Monro,Hanbury-Brown,11/8/2003,Male,47433 Bartillon Street,961-462-7842,widowed,POS246,303,Full-time
181,Porter,Langstaff,8/23/2007,Male,9 Lighthouse Bay Junction,207-971-6297,married,POS987,909,Full-time
182,Emili,Swindells,9/1/2006,Genderfluid,82 Mallard Pass,306-599-4529,single,POS789,1010,Full-time
183,Eliot,Dudbridge,3/7/2003,Male,7042 Express Point,824-687-9518,divorced,POS246,404,Part-time
184,Allix,Belvard,7/3/2000,Female,3897 Cody Circle,815-708-7870,divorced,POS246,606,Full-time
185,Fredelia,Prestedge,6/16/2003,Female,32122 Di Loreto Terrace,510-841-7557,single,POS579,101,Contract
186,Lemmy,Doers,1/8/1996,Male,08198 Goodland Place,437-998-8947,separated,POS789,101,Full-time
187,Conroy,Follin,1/13/1997,Male,522 Fisk Lane,979-782-1128,in a relationship,POS321,303,Contract
188,Jaquelyn,Baggott,5/28/2002,Agender,38487 Mandrake Hill,415-428-8495,engaged,POS579,404,Part-time
189,Philly,Donovin,3/10/1990,Female,0 Kennedy Center,607-690-1249,engaged,POS135,808,Contract
190,Antin,Garrison,7/29/1995,Male,97731 Garrison Crossing,103-545-8737,in a relationship,POS789,606,Part-time
191,Calla,Tyers,6/26/2002,Female,6319 Hanover Drive,473-704-9467,separated,POS246,606,Full-time
192,Knox,Le land,6/27/1992,Male,78606 Clarendon Road,541-894-5491,single,POS579,808,Contract
193,Merilee,Bradbrook,3/28/2004,Female,9 Erie Lane,356-197-3166,engaged,POS579,808,Contract
194,Alena,Shemmans,12/15/1990,Female,28727 Sloan Way,987-607-9573,single,POS654,606,Full-time
195,Gannie,Doughill,7/1/1997,Male,187 Hintze Parkway,408-149-6444,in a relationship,POS123,202,Part-time
196,Brocky,Radenhurst,9/10/1994,Non-binary,78265 Oneill Way,478-787-7636,divorced,POS579,202,Full-time
197,Mona,Semon,4/16/2005,Female,0398 Waywood Street,387-156-5799,separated,POS789,505,Contract
198,Rollo,Lackinton,6/16/1999,Male,94 Paget Trail,609-211-6356,single,POS246,101,Part-time
199,Anders,Zellner,6/11/1999,Male,479 Hauk Lane,366-332-0385,single,POS789,101,Part-time
200,Vern,Pilgrim,8/11/1999,Male,1601 Rieder Hill,316-176-5982,in a relationship,POS804,101,Full-time
201,Muffin,Brosi,7/10/1998,Male,61637 Eagle Crest Alley,942-180-3406,separated,POS654,303,Contract
202,Karen,Hillam,6/26/1999,Genderqueer,99 Fuller Pass,240-785-8569,divorced,POS321,202,Contract
203,Frederich,Johnston,5/14/1992,Male,27 Holmberg Alley,457-521-3304,separated,POS456,101,Contract
204,Lyn,Brimblecomb,3/10/1993,Male,82213 Forest Run Center,664-732-2565,separated,POS321,909,Part-time
205,Mella,Bartalot,7/7/2000,Female,5 Golf Course Circle,833-802-0448,in a relationship,POS804,505,Part-time
206,Regan,Simmins,2/10/1999,Male,8532 Namekagon Parkway,162-476-3698,engaged,POS804,202,Full-time
207,Teddi,Conkay,7/3/2000,Female,826 Di Loreto Alley,832-907-4573,divorced,POS123,101,Contract
208,Elysia,Sheach,11/23/1999,Female,5 Tennyson Crossing,241-364-3362,divorced,POS135,1010,Contract
209,Diena,Carloni,1/28/1998,Genderfluid,61 Lillian Junction,578-267-4734,in a relationship,POS246,404,Contract
210,Derrek,McKissack,1/16/2001,Male,6617 Cascade Court,516-245-0426,in a relationship,POS987,808,Full-time
211,Suzanne,Jenton,12/15/2006,Female,71 Southridge Court,983-258-5504,divorced,POS135,404,Part-time
212,Sibella,Call,10/7/2006,Female,67 Oxford Street,349-335-4922,divorced,POS246,505,Full-time
213,Saleem,Petren,7/28/2000,Male,97 Talmadge Hill,514-654-7453,married,POS123,909,Contract
214,Bartholomeo,Choat,12/3/2007,Genderqueer,49 Vera Parkway,728-992-3769,widowed,POS804,707,Part-time
215,Brita,Niset,6/4/1990,Female,32730 Carey Court,190-237-0872,engaged,POS804,606,Contract
216,Garrard,Esome,7/21/1991,Male,51 Bunting Place,810-602-1564,widowed,POS654,808,Part-time
217,Darrick,Aleswell,9/7/2003,Genderfluid,3022 Delaware Place,573-296-0336,engaged,POS789,303,Full-time
218,Ameline,O'Shaughnessy,1/27/1990,Female,613 Mitchell Street,292-770-9673,married,POS135,1010,Contract
219,Weber,Hamblington,10/2/1996,Male,437 Lakewood Alley,438-276-3111,in a relationship,POS579,707,Contract
220,Dulcine,Kenealy,10/27/2001,Female,379 Novick Park,203-839-1385,married,POS246,101,Full-time
221,Brose,Athowe,4/18/1995,Genderfluid,1250 West Alley,147-284-0361,engaged,POS804,505,Full-time
222,Bertrando,Facher,7/31/2000,Male,7 Sutteridge Road,201-926-3477,in a relationship,POS135,707,Contract
223,Nobe,April,3/15/1998,Male,4 Birchwood Drive,412-568-2606,single,POS246,303,Full-time
224,Faunie,Dorr,8/11/2000,Female,29518 Fieldstone Park,659-351-4441,married,POS987,606,Full-time
225,Robbert,Ollie,9/13/1993,Male,83715 Anzinger Pass,939-101-4918,engaged,POS987,303,Full-time
226,Guinna,Haldenby,10/13/1998,Female,6050 Blaine Pass,548-644-4389,married,POS579,303,Full-time
227,Regan,Anfosso,12/17/2003,Female,73268 Talmadge Way,618-818-8600,widowed,POS135,707,Part-time
228,Kilian,Moring,9/2/2001,Genderqueer,8 Mayer Lane,161-161-9498,divorced,POS804,303,Contract
229,Derk,Munns,11/20/2000,Genderqueer,3618 Charing Cross Court,880-144-9435,divorced,POS246,606,Full-time
230,Willem,Astman,10/22/1993,Male,59557 Monument Drive,603-807-9814,married,POS654,1010,Full-time
231,Wallas,Prigmore,6/13/1993,Male,8743 Cardinal Circle,706-383-1463,married,POS456,808,Part-time
232,Shepherd,Habergham,12/5/1993,Male,40053 Claremont Point,878-236-0664,separated,POS321,101,Contract
233,Michaelina,Brecknock,11/8/2005,Female,65 Summer Ridge Place,885-371-3288,divorced,POS456,303,Contract
234,Algernon,Miliffe,4/18/1995,Male,3454 Onsgard Avenue,226-917-9380,widowed,POS804,909,Part-time
235,Marj,Beckhouse,5/1/2003,Female,4896 Lighthouse Bay Street,695-687-8639,single,POS456,1010,Contract
236,Conny,Courtes,6/26/1990,Male,61 Manitowish Court,815-124-0588,separated,POS123,202,Full-time
237,Erica,Tromans,12/4/2004,Female,1 Magdeline Hill,199-463-7831,single,POS987,606,Contract
238,Ginni,Jolley,8/19/2000,Female,22680 Parkside Circle,165-401-2367,engaged,POS654,707,Contract
239,Rustin,Gardiner,9/5/2001,Male,337 Ridgeview Circle,188-655-1244,separated,POS456,101,Contract
240,Wini,Santostefano.,8/14/1992,Female,66507 Dexter Court,381-176-2684,single,POS135,707,Full-time
241,Tillie,Dullingham,7/25/1992,Female,2018 Hovde Parkway,175-345-4657,married,POS123,101,Contract
242,Sapphira,Velareal,11/14/1994,Female,24 Hanover Parkway,436-526-9953,in a relationship,POS804,303,Contract
243,Roderich,Lodo,4/28/2005,Male,4268 Hermina Parkway,731-262-6095,divorced,POS246,606,Contract
244,Loralee,Yanyshev,9/30/2002,Female,9 Paget Place,694-242-5621,separated,POS321,606,Contract
245,Rhoda,Flann,3/11/1995,Genderfluid,361 Dennis Trail,615-172-2754,separated,POS456,505,Part-time
246,Antonin,Shepeard,1/13/1992,Male,25 Calypso Plaza,873-896-6623,in a relationship,POS987,909,Contract
247,Fritz,MacFie,11/29/2003,Male,50723 2nd Center,690-368-3575,single,POS654,909,Contract
248,Rhoda,Weymouth,10/18/2005,Female,1 Kinsman Place,921-959-2026,engaged,POS123,303,Full-time
249,Darrel,Cromb,6/22/2005,Male,01559 Sachs Trail,339-250-8168,divorced,POS123,707,Contract
250,Risa,Cummings,12/24/2002,Genderfluid,261 Kipling Place,214-955-2741,single,POS321,505,Full-time
251,Rollo,Willas,1/27/1993,Male,82582 Hermina Crossing,116-154-0724,married,POS456,303,Part-time
252,Felice,Sitwell,8/20/1995,Male,53942 Morrow Plaza,460-558-7600,engaged,POS321,404,Part-time
253,Glyn,Seviour,3/6/2005,Female,1 Lindbergh Point,379-242-1699,widowed,POS579,1010,Part-time
254,Celinda,Cree,12/2/2005,Female,84 South Hill,231-785-4890,separated,POS321,505,Contract
255,Rebeca,Beckwith,6/7/1996,Female,868 Miller Center,386-869-8683,engaged,POS789,202,Part-time
256,Hortensia,Fogg,6/24/2002,Female,1 Redwing Alley,990-134-0365,single,POS123,303,Contract
257,Nerti,Villa,4/15/2002,Female,2888 Rieder Lane,505-679-3998,widowed,POS123,1010,Part-time
258,Mariele,Cragg,3/30/1999,Female,7736 Victoria Circle,570-907-7584,married,POS321,909,Part-time
259,Chelsae,Heaseman,7/26/2002,Female,42256 Sherman Plaza,735-941-5056,in a relationship,POS135,404,Full-time
260,Trix,Saffer,10/15/1998,Female,5590 Graceland Parkway,718-522-7132,separated,POS135,404,Full-time
261,Normie,Bulter,9/24/2001,Male,747 Mariners Cove Circle,387-927-7898,widowed,POS456,303,Part-time
262,Edsel,Marrable,3/3/2004,Male,28 Westridge Crossing,904-918-1589,engaged,POS804,505,Part-time
263,Iggy,Burgh,12/12/1990,Male,6 Macpherson Drive,934-946-7736,divorced,POS654,202,Part-time
264,Xena,Klosser,4/12/2003,Female,6435 Hagan Pass,726-108-0583,married,POS654,404,Full-time
265,Marcelo,Bottomer,12/8/2005,Male,0262 Milwaukee Point,584-826-8574,separated,POS579,101,Full-time
266,Mellisent,Boughtwood,12/31/1992,Female,58 Russell Point,365-643-2806,married,POS987,404,Part-time
267,Alexina,Mancell,10/27/2004,Female,1 International Place,576-126-0870,married,POS321,909,Part-time
268,Federico,Baniard,12/1/2006,Male,9 Holy Cross Crossing,515-482-9451,single,POS987,606,Full-time
269,Raimundo,Dyter,5/30/2004,Male,22 Carberry Street,489-731-3077,in a relationship,POS789,909,Part-time
270,Paige,Minards,8/6/2006,Female,03903 Beilfuss Junction,767-426-8933,married,POS135,505,Full-time
271,Athene,Wink,8/17/1999,Female,1 Kropf Point,827-879-7954,married,POS654,101,Full-time
272,Cobby,Eplett,5/14/1999,Male,58837 Mitchell Trail,503-335-2215,single,POS789,909,Part-time
273,Leigh,Corp,3/26/2000,Male,722 Ohio Place,364-289-1196,married,POS804,909,Full-time
274,Orland,Pheasant,2/24/2007,Male,9927 High Crossing Court,997-595-8673,widowed,POS987,707,Contract
275,Skylar,Cadamy,4/25/1995,Agender,376 Comanche Drive,960-260-2900,single,POS579,505,Full-time
276,Richy,Goff,8/16/2006,Male,89 Ilene Circle,495-416-4544,separated,POS987,202,Full-time
277,Ramon,Philippart,9/13/1990,Male,0371 Schurz Lane,205-570-5432,single,POS123,202,Full-time
278,Morgan,Wookey,7/19/2002,Female,041 Ronald Regan Street,579-323-0338,engaged,POS246,1010,Contract
279,Maryl,Threadgold,4/30/1992,Female,402 Merchant Road,136-795-5380,single,POS123,101,Full-time
280,Brand,Climar,9/9/1999,Male,593 Golf Place,821-891-5830,in a relationship,POS804,707,Full-time
281,Jennie,Gronauer,2/12/1990,Female,9 Schiller Terrace,223-610-8901,engaged,POS804,606,Full-time
282,Hastings,Sitch,7/17/1999,Male,33 Melvin Junction,520-504-0993,separated,POS321,707,Contract
283,Tucky,Gilmour,7/18/1993,Male,696 Hagan Terrace,778-973-2515,separated,POS789,505,Full-time
284,Theodor,McKellen,4/29/1998,Male,93639 Springview Parkway,364-498-5517,divorced,POS789,202,Contract
285,Truman,Edensor,6/16/2003,Male,70256 Westerfield Hill,568-163-6157,divorced,POS987,101,Part-time
286,Suzie,Wassell,5/8/1996,Female,57 Mcbride Center,553-457-8546,in a relationship,POS654,1010,Part-time
287,Chas,Bourdice,10/17/1993,Male,779 Packers Road,210-907-3952,widowed,POS987,606,Full-time
288,Hubie,Hyde-Chambers,12/5/1992,Male,9 Marcy Court,229-405-0821,single,POS987,707,Part-time
289,Bobinette,Lagne,12/2/2002,Female,09 Quincy Center,204-169-7124,separated,POS321,505,Contract
290,Carol-jean,Castro,6/15/1992,Female,2158 Fieldstone Drive,806-141-0308,widowed,POS321,101,Contract
291,Marcellina,Lurriman,12/15/2002,Female,7037 Reindahl Drive,321-441-4207,divorced,POS321,101,Contract
292,Konstantine,Philipart,1/23/1996,Polygender,5 Dovetail Terrace,984-655-3296,in a relationship,POS246,101,Full-time
293,Ermengarde,Baumler,7/15/1991,Female,78 3rd Place,717-550-4954,widowed,POS456,808,Contract
294,Catie,Annott,7/19/1992,Female,439 Armistice Street,522-229-9656,married,POS123,707,Part-time
295,Frank,Simonazzi,4/26/1997,Female,521 Cody Park,556-439-1311,separated,POS804,404,Contract
296,Darrell,Krahl,2/24/1991,Male,82950 Dayton Center,721-992-3116,in a relationship,POS579,101,Part-time
297,Roanne,Fanton,8/17/1995,Female,6 Eastwood Center,373-499-5810,in a relationship,POS654,101,Full-time
298,Addi,McAndrew,8/22/2000,Female,033 Meadow Ridge Drive,211-827-4764,widowed,POS135,101,Part-time
299,Frazier,Divers,12/19/1990,Male,528 Bartelt Center,106-203-0073,divorced,POS123,505,Full-time
300,Aharon,Spilling,12/31/1993,Male,28 Buena Vista Drive,883-452-2970,in a relationship,POS123,1010,Full-time
301,Olenka,Pavelka,6/26/1992,Female,6933 Delladonna Plaza,391-298-8138,engaged,POS456,808,Part-time
302,Donna,Walcher,6/21/1992,Female,550 Bartelt Hill,822-924-1313,widowed,POS321,707,Full-time
303,Gracia,Santostefano.,5/21/2005,Female,834 Ruskin Junction,824-996-2058,separated,POS246,808,Part-time
304,Chicky,Ioan,8/4/1992,Male,48320 American Place,727-815-5601,widowed,POS804,404,Full-time
305,Baudoin,Gilbard,12/23/1999,Male,84824 Lillian Place,112-421-8675,in a relationship,POS654,808,Part-time
306,Garwin,Midgley,10/28/2005,Male,619 Badeau Parkway,607-831-4192,married,POS246,505,Contract
307,Mychal,Langthorn,8/18/1993,Male,5 Ruskin Drive,974-767-3203,separated,POS135,808,Part-time
308,Carmine,Polfer,11/3/1995,Male,603 Eastlawn Junction,589-278-5423,in a relationship,POS456,808,Part-time
309,Babb,Hay,11/2/2007,Female,1953 Loftsgordon Park,109-267-4150,married,POS321,606,Full-time
310,Keven,Glynn,3/13/2001,Male,1642 Mayfield Crossing,276-686-1534,engaged,POS456,404,Full-time
311,Gasparo,Cumpsty,4/15/2002,Genderfluid,21057 Pawling Avenue,166-572-4554,separated,POS654,404,Full-time
312,Elenore,Boreland,12/30/2007,Female,92 Northland Center,427-496-9482,married,POS987,909,Contract
313,Kirby,Randles,11/26/2000,Male,11 Park Meadow Hill,962-781-4836,in a relationship,POS456,202,Part-time
314,Kathye,Southgate,3/24/2000,Female,7010 Oak Valley Circle,164-421-0571,single,POS987,505,Part-time
315,Winnie,Whitcomb,8/11/1992,Male,983 5th Trail,871-963-3999,separated,POS654,404,Contract
316,Melvyn,Scarrott,4/23/1997,Male,1 High Crossing Pass,253-174-5114,divorced,POS456,202,Part-time
317,Vanda,Kershow,11/18/1992,Female,22408 Hauk Terrace,775-927-2468,married,POS579,707,Full-time
318,Griffith,Blanshard,1/8/1995,Male,483 Harbort Parkway,888-185-8646,single,POS579,707,Full-time
319,Ilysa,Goady,10/16/2002,Female,5 Transport Junction,719-414-3732,widowed,POS804,606,Part-time
320,Rosemarie,Camell,8/26/1990,Female,37210 Rockefeller Pass,635-734-5886,separated,POS456,808,Full-time
321,Urbain,Stones,6/27/2004,Male,5678 Heffernan Plaza,211-509-7024,married,POS135,808,Contract
322,Mavis,Coaker,3/18/2004,Female,24847 Goodland Trail,774-491-6593,widowed,POS321,1010,Part-time
323,Carmine,McGougan,2/20/1999,Female,6 La Follette Road,210-904-2900,separated,POS123,909,Contract
324,Cyndie,Fisbey,7/11/2002,Female,53469 Ramsey Way,999-213-7722,married,POS246,909,Full-time
325,Selestina,Gillogley,3/11/1999,Female,7 Lunder Crossing,477-158-8113,in a relationship,POS123,303,Part-time
326,Marlow,O'Shevlin,2/3/2006,Male,18 Springs Pass,713-252-4463,engaged,POS135,808,Contract
327,Nathanael,Tacon,4/2/1993,Male,8610 Garrison Street,834-537-5753,separated,POS135,303,Contract
328,Donelle,Curneen,5/29/1999,Female,8 Pennsylvania Point,634-813-8468,in a relationship,POS789,707,Full-time
329,Frederich,Gierok,2/25/2006,Male,1985 Declaration Parkway,898-809-3837,separated,POS135,101,Contract
330,Efren,Casina,12/11/2003,Male,7 Dawn Hill,724-636-4211,widowed,POS456,101,Part-time
331,Nicol,Saban,4/27/1996,Male,61 Haas Trail,817-157-2252,married,POS123,606,Full-time
332,Hervey,Samter,3/19/2006,Male,33 Brickson Park Center,819-267-2432,married,POS246,505,Full-time
333,Chen,Siddeley,5/27/2006,Male,73356 Holy Cross Drive,465-609-8002,separated,POS246,101,Full-time
334,Weston,Whightman,1/20/1996,Male,42089 Badeau Crossing,880-496-9704,widowed,POS654,909,Contract
335,Jerry,Daldry,11/25/1992,Genderqueer,343 Merchant Point,911-875-6788,divorced,POS321,303,Full-time
336,Alf,O'Heffernan,6/15/2001,Male,874 Jenna Center,529-886-8380,married,POS246,202,Full-time
337,Kandace,Caldecott,6/29/1994,Female,318 Prentice Way,399-489-0478,single,POS321,404,Full-time
338,Hermia,Gipp,5/28/1994,Female,57491 Clemons Way,816-968-6464,in a relationship,POS579,1010,Part-time
339,Hunfredo,Grendon,12/24/1992,Male,15 Huxley Way,827-511-3311,separated,POS654,505,Contract
340,Gualterio,Gameson,3/3/2003,Male,97 Dixon Circle,183-211-5260,widowed,POS579,303,Full-time
341,Beatriz,Klasen,3/24/1991,Polygender,492 Fisk Place,309-875-6312,in a relationship,POS654,1010,Contract
342,Dorisa,Blaksley,6/13/2000,Female,84353 Orin Drive,430-160-3810,single,POS987,202,Full-time
343,Casey,MacDonough,10/5/1990,Female,5 Heffernan Trail,336-656-2903,divorced,POS246,1010,Part-time
344,Shelia,Glasser,11/9/1997,Female,223 International Parkway,762-928-4242,separated,POS654,101,Contract
345,Shayne,Stallion,7/20/1997,Male,2 Dunning Parkway,655-727-5572,engaged,POS654,909,Part-time
346,Lurline,Delgardo,9/1/2000,Female,385 Porter Hill,168-737-1153,separated,POS987,909,Full-time
347,Spike,Gallant,4/9/1997,Male,93912 Valley Edge Place,540-784-4285,divorced,POS456,303,Part-time
348,Arlin,Minocchi,12/1/1992,Male,995 Sunbrook Lane,674-909-6424,in a relationship,POS789,404,Full-time
349,Mead,Douglass,1/8/2005,Male,796 Spohn Road,657-393-3454,separated,POS987,202,Full-time
350,Merrielle,Gotfrey,9/21/2001,Female,662 Burrows Road,551-963-4790,separated,POS804,505,Full-time
351,Frankie,Willavize,10/27/1993,Female,7 Jackson Lane,186-246-4084,widowed,POS654,909,Contract
352,Gerard,Lugard,7/11/2000,Male,9 Ridgeview Way,432-654-6506,widowed,POS135,909,Part-time
353,Tammy,Blakiston,9/27/1991,Male,662 Roxbury Alley,601-567-2220,married,POS789,101,Full-time
354,Ambrosius,Heisler,8/1/2001,Male,1736 Village Green Drive,227-521-8368,engaged,POS246,101,Contract
355,Shani,Como,12/9/1991,Female,70459 Elmside Alley,972-294-2049,single,POS246,707,Full-time
356,Fredelia,Ferencowicz,9/2/2007,Female,56638 Grim Street,940-817-0081,married,POS654,808,Part-time
357,Winona,Somerton,3/5/1991,Female,2 Toban Plaza,284-722-2781,single,POS123,505,Part-time
358,Alonzo,Wands,3/22/1997,Male,46972 Lotheville Way,913-452-7216,widowed,POS987,909,Part-time
359,Geordie,McDunlevy,11/23/1998,Male,82 Old Shore Pass,711-736-1236,widowed,POS123,808,Contract
360,Jecho,Iwanowicz,5/30/1994,Male,4 Maple Wood Avenue,825-764-1296,in a relationship,POS321,1010,Contract
361,Heidi,Stairmond,10/17/1990,Female,86 Vahlen Drive,447-369-4175,married,POS579,606,Contract
362,Cosmo,McOnie,11/14/2007,Male,08 Springs Circle,229-564-9277,divorced,POS456,606,Contract
363,Terencio,Storr,4/29/2003,Male,1 Daystar Circle,266-659-6065,married,POS456,909,Part-time
364,Durward,Pinkerton,9/3/1994,Male,8143 Linden Street,320-110-3236,widowed,POS987,202,Full-time
365,Gino,Vogel,8/4/1990,Male,94 Claremont Junction,187-425-3301,married,POS789,606,Contract
366,Adolphe,Sugars,5/25/1993,Male,2 Anderson Center,717-936-3184,separated,POS321,303,Part-time
367,Abran,Skudder,4/7/1999,Male,915 Waubesa Junction,182-636-2621,divorced,POS804,404,Full-time
368,Moe,Cochern,6/25/1996,Male,106 Fordem Trail,924-975-2286,separated,POS321,1010,Part-time
369,Emile,Mussilli,7/21/1991,Male,252 Donald Road,787-152-2029,married,POS135,101,Contract
370,Niles,Manifield,5/9/1994,Male,044 Pawling Pass,590-838-0723,widowed,POS321,606,Contract
371,Flynn,Petriello,8/15/1997,Genderqueer,8 Sullivan Parkway,520-635-2252,single,POS804,303,Part-time
372,Beau,Sickling,10/28/1994,Male,31290 Morning Road,973-417-6074,in a relationship,POS654,404,Contract
373,Roy,Syme,12/26/1997,Male,9146 Eagle Crest Center,439-599-0775,single,POS456,808,Contract
374,Xymenes,Greystoke,4/25/2007,Male,69 Sloan Terrace,693-680-2028,in a relationship,POS987,202,Contract
375,Gwenny,Vaissiere,10/4/1994,Female,7 Troy Center,966-485-4261,engaged,POS456,909,Part-time
376,Callean,Teck,6/9/1998,Male,63 Homewood Parkway,524-313-0937,widowed,POS789,1010,Contract
377,Hayden,Grisenthwaite,8/10/2007,Male,44 West Way,146-775-2217,widowed,POS987,1010,Contract
378,Dwayne,Rihosek,5/13/1996,Male,6 Thompson Park,977-974-8248,single,POS987,202,Part-time
379,Karlis,Whitecross,12/4/2002,Male,0745 Corben Circle,638-667-3212,widowed,POS123,505,Full-time
380,Lulita,Crosdill,12/27/2003,Female,212 La Follette Park,974-160-6521,engaged,POS123,808,Contract
381,Adelaide,Jarrett,6/5/2005,Female,898 Messerschmidt Lane,801-488-7611,in a relationship,POS987,707,Contract
382,Janaye,Mucklestone,5/15/1995,Female,96 Pawling Trail,745-395-4728,in a relationship,POS579,303,Contract
383,Matthieu,Ormistone,6/27/1998,Male,67180 Fremont Avenue,677-328-1738,single,POS579,909,Full-time
384,Mechelle,Killelea,8/9/1994,Female,812 Esker Circle,998-161-5799,divorced,POS804,404,Full-time
385,Jelene,Filippo,1/14/2007,Female,2 Muir Park,367-237-6263,separated,POS789,101,Part-time
386,Jeremie,Casella,11/17/2001,Male,388 Basil Place,709-277-4942,divorced,POS456,1010,Full-time
387,Odie,Popland,10/29/1998,Male,574 Maywood Avenue,775-420-3601,single,POS804,606,Part-time
388,Alec,Bool,3/27/1994,Male,9 Riverside Park,272-401-4977,divorced,POS321,303,Full-time
389,Chelsie,Franceschi,4/15/2004,Female,25 Parkside Drive,971-271-3226,divorced,POS123,202,Part-time
390,Gustav,Pedican,9/14/2003,Male,2770 Ohio Plaza,612-662-1127,engaged,POS246,303,Part-time
391,L;urette,Yeates,11/8/1991,Female,58837 Meadow Ridge Avenue,257-779-0051,divorced,POS654,505,Part-time
392,Nola,Verdie,2/19/2002,Female,531 Jenifer Avenue,274-929-9065,in a relationship,POS456,1010,Full-time
393,Hammad,McPhelimy,9/5/1997,Male,589 Morningstar Circle,816-485-0205,divorced,POS579,202,Part-time
394,Olly,Tallet,11/4/1998,Male,92156 Schlimgen Drive,767-942-9464,divorced,POS789,808,Full-time
395,Ardelle,Graysmark,8/23/2000,Female,5 Briar Crest Parkway,824-181-3781,widowed,POS123,909,Contract
396,Laughton,Cozins,12/11/1992,Male,3284 Crest Line Trail,828-643-4343,engaged,POS135,808,Part-time
397,Dannye,Caldecot,12/26/2001,Genderfluid,2 Golf Street,139-719-8455,divorced,POS579,808,Contract
398,Kathe,Banishevitz,7/2/1997,Female,9 Lindbergh Place,289-685-2286,separated,POS135,909,Full-time
399,Lindon,Shiril,1/25/2007,Male,941 Swallow Avenue,838-596-4246,single,POS579,202,Full-time
400,Siouxie,Winsome,3/10/1994,Female,85621 Manitowish Trail,821-367-9823,in a relationship,POS789,505,Full-time
401,Kristen,Bendell,7/23/1997,Female,43 Sunbrook Road,894-147-9748,married,POS246,808,Part-time
402,Aurelie,Tift,7/4/2007,Female,39187 Miller Way,185-684-1741,widowed,POS321,909,Part-time
403,Carlyn,Bardell,12/9/2003,Female,68150 Springs Road,990-453-5790,divorced,POS804,202,Part-time
404,Adaline,Hellens,7/30/1997,Female,5300 Schlimgen Park,349-584-1284,single,POS135,909,Part-time
405,Innis,Nagle,4/14/1999,Male,122 Washington Center,389-658-7934,separated,POS456,101,Contract
406,Jonathan,Grishin,11/5/1991,Polygender,70249 Kenwood Avenue,369-480-8251,engaged,POS804,1010,Full-time
407,Trina,Marchi,8/24/2004,Female,5 Eagle Crest Lane,865-290-3923,divorced,POS804,505,Part-time
408,Ruthi,Dalloway,7/30/2006,Female,954 Rigney Road,450-457-4557,single,POS456,909,Contract
409,Thea,Mulrean,3/12/2003,Female,38809 Mccormick Avenue,904-658-1335,single,POS789,606,Part-time
410,Pierson,Monnoyer,11/3/1994,Male,227 Mandrake Drive,807-678-9668,separated,POS135,808,Contract
411,Cary,Bruckshaw,3/7/1991,Male,5 Russell Place,748-792-7968,widowed,POS456,101,Contract
412,Blisse,Godney,5/22/2007,Female,4 Drewry Terrace,930-966-5207,in a relationship,POS804,707,Part-time
413,Kira,Bredee,3/16/1994,Female,1 American Way,746-294-4053,divorced,POS987,303,Full-time
414,Aarika,Wadsworth,8/13/1993,Female,4 Barby Pass,363-510-3643,engaged,POS135,808,Contract
415,Tonnie,Roddy,3/16/2004,Male,02633 Milwaukee Center,538-407-7842,single,POS654,606,Full-time
416,Meta,Kornalik,8/26/2002,Female,76143 Oakridge Drive,713-509-8800,single,POS789,303,Part-time
417,Derril,Todeo,7/2/2001,Male,3 Kensington Junction,235-857-1038,widowed,POS135,1010,Part-time
418,Ole,Goneau,1/26/2003,Male,05044 Summer Ridge Avenue,691-308-7429,engaged,POS789,404,Part-time
419,Mauricio,Maber,2/5/1992,Polygender,896 Rowland Parkway,137-927-5214,separated,POS321,1010,Full-time
420,Vita,Sorsbie,1/24/1993,Female,316 Scott Avenue,324-754-5695,married,POS456,101,Full-time
421,Oriana,Midlane,6/30/1991,Female,116 Meadow Vale Way,522-526-0839,widowed,POS804,101,Part-time
422,Glenn,Ferriday,4/10/2007,Male,2126 Corry Terrace,919-154-1368,single,POS654,404,Part-time
423,Tonye,Tallowin,9/6/2001,Female,9701 Dayton Trail,470-447-8692,in a relationship,POS987,404,Part-time
424,Ermengarde,Dadds,6/3/2007,Female,72 Clove Street,477-147-3074,married,POS321,909,Contract
425,Odey,Boules,12/19/2006,Male,98 Burning Wood Road,737-111-0687,in a relationship,POS789,808,Part-time
426,Filbert,Gregori,3/8/1994,Male,4459 Shelley Road,261-705-3454,divorced,POS987,505,Part-time
427,Jourdain,Paschke,3/7/2006,Non-binary,770 Algoma Pass,466-679-8269,divorced,POS654,606,Contract
428,Roseanna,Moro,3/15/1996,Female,0 Clarendon Hill,577-481-5104,engaged,POS804,909,Full-time
429,Roselin,Giraudot,10/3/1993,Female,51 Ilene Park,102-658-2868,engaged,POS789,909,Part-time
430,Jennica,Flescher,5/17/2006,Female,7729 Merchant Hill,237-490-1971,divorced,POS987,707,Part-time
431,Sunny,Wonham,11/8/1998,Male,17 Kensington Plaza,923-656-3072,divorced,POS987,808,Contract
432,Neel,Quan,5/17/2005,Male,9 Sherman Trail,413-141-0405,separated,POS123,404,Full-time
433,Alexine,Buxey,5/18/2000,Bigender,363 Parkside Hill,684-114-5615,married,POS135,606,Full-time
434,Sander,Gergler,7/5/1995,Male,4815 Glacier Hill Street,709-441-8404,married,POS987,909,Part-time
435,Beth,Tarling,10/9/1993,Female,03 Susan Way,394-484-2788,engaged,POS456,202,Contract
436,Reeba,Fitchen,11/4/1990,Female,27378 Larry Lane,333-268-5050,married,POS654,404,Part-time
437,Kira,Acheson,10/30/2005,Female,09740 Lawn Plaza,883-873-2311,widowed,POS246,1010,Contract
438,Sylas,Woodwind,5/29/2007,Male,8337 Myrtle Avenue,390-384-3802,engaged,POS246,1010,Contract
439,Elliott,Fewless,1/18/1993,Male,951 Kipling Point,744-110-5855,married,POS321,505,Full-time
440,Jennilee,Popplewell,10/26/1998,Female,57 Grover Street,245-388-6999,widowed,POS987,707,Part-time
441,Valaria,Duplan,12/12/2005,Female,25166 Toban Parkway,375-289-1270,in a relationship,POS789,404,Contract
442,Wenona,Stubbley,2/15/2002,Female,4 Oxford Park,606-361-1059,single,POS123,101,Contract
443,Zacharia,Hanham,10/10/1990,Male,7 Schiller Alley,435-918-1134,engaged,POS579,505,Part-time
444,Ebonee,O'Lehane,4/23/2006,Female,406 Red Cloud Street,954-155-2918,single,POS123,707,Full-time
445,Eirena,Dach,4/26/1997,Female,95441 Katie Pass,806-912-0659,single,POS246,202,Full-time
446,Lea,Hyrons,1/19/1994,Female,4 Mifflin Street,284-609-8482,divorced,POS135,1010,Full-time
447,Ashil,Kaiser,9/9/2005,Female,8899 Sommers Circle,463-437-7721,widowed,POS654,606,Part-time
448,Rutger,Pollard,2/15/1992,Male,8127 Armistice Drive,449-371-0456,widowed,POS123,505,Part-time
449,Gennie,Jager,12/8/1997,Female,30399 Carioca Plaza,448-119-6356,separated,POS135,202,Part-time
450,Aleksandr,Norvel,3/9/2005,Male,3 South Pass,607-413-8039,single,POS246,303,Full-time
451,Tybi,Grzelewski,1/18/2000,Genderfluid,127 Oak Valley Court,220-431-8338,married,POS789,808,Part-time
452,Gerek,Dunne,3/26/1991,Male,2543 Buena Vista Avenue,414-538-7390,in a relationship,POS654,1010,Contract
453,Austen,Espinay,1/19/1998,Male,15384 Judy Crossing,589-892-7482,in a relationship,POS123,909,Contract
454,Shell,Offa,5/3/1998,Female,1 Kensington Point,886-856-1915,divorced,POS789,909,Contract
455,Teodor,Spence,6/10/2002,Male,9 Homewood Parkway,175-495-8180,single,POS321,707,Part-time
456,Laney,Penhearow,5/6/2003,Male,500 Spaight Park,213-910-4960,single,POS135,1010,Part-time
457,Kenn,Kealey,12/7/1991,Non-binary,092 Arizona Place,885-827-5008,married,POS579,707,Full-time
458,Tremayne,Rannigan,10/16/2001,Male,755 Sugar Parkway,160-422-1143,married,POS321,707,Part-time
459,Carry,Thewles,7/15/1997,Female,17781 Anthes Junction,415-491-7675,divorced,POS456,808,Full-time
460,Emmalynn,Sherrard,10/3/1994,Polygender,1 Cardinal Parkway,148-570-0205,single,POS246,707,Full-time
461,Luelle,Origin,7/20/2007,Female,445 Milwaukee Junction,697-206-7796,single,POS456,707,Full-time
462,Xavier,Gladbach,10/26/2000,Male,549 Anhalt Circle,294-791-0505,single,POS654,101,Contract
463,Felita,Iveson,2/21/2004,Bigender,36637 Mosinee Circle,988-759-3211,single,POS987,808,Contract
464,Nita,Rimmington,12/11/1994,Female,97 1st Park,631-940-8566,separated,POS579,707,Contract
465,Tommy,Drewery,9/2/1998,Female,085 Main Terrace,533-567-1850,single,POS987,101,Contract
466,Jacquetta,Dybbe,2/20/2004,Female,904 Laurel Crossing,105-881-6442,divorced,POS123,909,Part-time
467,Clarey,Lawler,9/8/1992,Non-binary,1359 Ilene Parkway,431-285-6453,separated,POS135,202,Part-time
468,Dag,Brimley,5/16/1999,Male,821 Sachtjen Circle,297-195-7520,separated,POS789,707,Part-time
469,Elayne,Tevlin,5/29/2007,Female,9 Fairview Crossing,400-482-2405,engaged,POS123,1010,Contract
470,Mahmud,Jorczyk,12/5/2004,Male,62 Mallard Plaza,865-522-5901,in a relationship,POS987,101,Contract
471,Melisenda,Elsmere,5/3/2003,Female,80282 Dawn Alley,134-180-3853,married,POS246,101,Contract
472,Porter,Boddam,12/5/2006,Male,7 Kings Pass,853-356-0252,in a relationship,POS579,1010,Full-time
473,Oralle,Eglinton,7/31/2002,Female,567 Dryden Crossing,250-424-2295,in a relationship,POS456,202,Contract
474,Regen,Kollaschek,7/31/2007,Male,82299 Dapin Avenue,104-713-8020,engaged,POS321,505,Part-time
475,Lisetta,Corsan,5/21/2000,Genderfluid,5635 Talisman Circle,853-238-8134,single,POS135,1010,Part-time
476,Rene,Bangham,4/15/1991,Female,18 Hollow Ridge Pass,162-851-1827,married,POS456,808,Full-time
477,Gwyn,Bowe,9/24/1993,Female,75131 Del Mar Crossing,355-380-8261,married,POS987,404,Contract
478,Nestor,Pitkethly,9/28/1999,Male,6 Texas Terrace,689-305-1181,separated,POS456,505,Contract
479,Sheri,Beevers,3/31/1992,Female,7298 Cordelia Lane,838-263-5815,widowed,POS579,909,Part-time
480,Jory,Fattore,5/17/1991,Male,9 Rutledge Way,857-579-0775,engaged,POS579,404,Contract
481,Shep,Pert,6/24/2006,Male,21 Mendota Lane,932-831-9964,widowed,POS321,909,Contract
482,Keary,Hawkslee,4/24/1999,Male,2687 Cordelia Pass,359-548-5903,widowed,POS987,808,Contract
483,Balduin,Senyard,12/22/2000,Male,39247 Dryden Trail,954-244-4363,separated,POS321,606,Contract
484,Kevyn,Pladen,8/2/1999,Female,80 Springview Road,317-489-2285,separated,POS456,505,Full-time
485,Marnia,Blabie,6/20/1999,Female,4 Express Parkway,191-243-6878,engaged,POS246,505,Contract
486,Mabelle,Yurov,11/20/1992,Female,25 Anderson Terrace,456-533-3097,divorced,POS456,404,Part-time
487,Lennie,Penwright,10/17/1996,Male,8 Burrows Street,568-941-7481,single,POS246,101,Full-time
488,Abrahan,Biggen,7/23/1990,Male,040 Texas Drive,591-550-0656,engaged,POS654,707,Contract
489,Monty,Richten,11/12/2007,Polygender,376 Blaine Trail,738-527-1952,separated,POS321,707,Full-time
490,Chrissie,Thornewell,1/19/1993,Male,6082 Forest Run Trail,958-408-5296,separated,POS246,202,Part-time
491,Stewart,Eick,5/4/2002,Male,7541 Spohn Point,939-170-1326,separated,POS135,202,Contract
492,Devin,Kirrage,3/6/1994,Male,009 Grim Plaza,374-896-9582,single,POS246,505,Full-time
493,Sena,Esmonde,5/28/1998,Female,2 Dunning Trail,454-587-7730,married,POS804,707,Part-time
494,Celestina,Swindlehurst,6/17/1996,Female,78 Valley Edge Junction,816-962-6964,in a relationship,POS654,202,Part-time
495,Sherilyn,Adrian,1/24/1992,Female,7019 Algoma Alley,744-721-7955,single,POS246,404,Full-time
496,Ronald,Compfort,6/6/1996,Male,3358 Upham Hill,100-588-4967,in a relationship,POS789,101,Part-time
497,Xever,Saben,8/29/1996,Male,1 Quincy Circle,343-784-5219,in a relationship,POS654,202,Full-time
498,Gena,Brevitt,11/21/2000,Polygender,335 Hoepker Center,655-188-0916,divorced,POS321,808,Part-time
499,Zolly,Burgisi,4/12/1992,Male,77744 Packers Hill,413-286-7463,divorced,POS789,606,Part-time
500,Esta,Rodrigues,1/24/1998,Female,18 Granby Road,253-952-7384,single,POS135,808,Part-time
